,csi300_etf,csi500_etf,gem_etf,star50_etf,dividend_etf,healthcare_etf,consumer_etf,sp500_etf,nasdaq_etf,hstech_etf,nikkei_etf,bond_fund,bond_etf,convbond_fund,money_fund,gold_etf,oil_qdii,btc,eth,sol,bnb,xrp,doge,comm_future,stock_index_future,treasury_future
2021-08,0.0125560538116591,-0.0224735823783301,0.019679759690399343,-0.04549738016019589,-0.005698210525580748,-0.024899224360935793,-0.011812475363074903,-0.04555079097599536,-0.05929833506340368,-0.10492665257844268,-0.043696483204646315,0.001050092177583807,0.00028656844318639216,-0.00362308307046604,0.0016666666666666,-0.0022413606005186925,-0.05409188909676264,0.06059051814966897,-0.030219709801622634,-0.01635117934539749,0.09588921846337947,0.06639431431624158,-0.052970560734936466,-0.02122667085823417,-0.006986119763410407,-0.011577344887218398
2021-09,0.0125560538116591,-0.0224735823783301,0.019044360109707094,-0.04259567222536399,0.03196761411719393,-0.03333572243189197,-0.01654683899518915,-0.016897464798653915,0.005704472599450619,0.03528129385060398,0.00939270020626253,0.0038501036582598855,0.003353908305823678,0.035930078498856384,0.0016666666666666,-0.09069459075003693,-0.09459740571446823,0.08956993521327415,0.007813680920361755,0.09395062330576356,0.07688482142081943,0.14467804063039674,0.1205800768181589,-0.05068034598265465,-0.023553606352337282,-0.011235017663946169
2021-09,0.0125560538116591,-0.0224735823783301,0.019044360109707094,-0.04259567222536399,0.03196761411719393,-0.03333572243189197,-0.01654683899518915,-0.016897464798653915,0.005704472599450619,0.03528129385060398,0.00939270020626253,0.0038501036582598855,0.003353908305823678,0.035930078498856384,0.0016666666666666,-0.09069459075003693,-0.09459740571446823,0.08956993521327415,0.007813680920361755,0.09395062330576356,0.07688482142081943,0.14467804063039674,0.1205800768181589,-0.05068034598265465,-0.023553606352337282,-0.011235017663946169
2021-10,0.0101860053144375,-0.0097442143727162,-0.048447244884547824,-0.13493953409038445,-0.04379468354056637,-0.08840676925482453,-0.05045106814634595,0.008081590911688806,-0.013840005633502662,0.025481520365515927,-0.0006897811342099986,0.0007607349537475834,0.00036534556860751567,0.02244447898698406,0.0016666666666666,0.0353682351871796,0.04858208648042593,-0.11494699277463319,-0.17120972108211865,-0.2032751664068961,-0.19856596694565357,-0.24508413921066188,-0.18249555498250264,-0.021174627858384927,-0.014926037411285106,0.005682775941663342
2021-10,0.0101860053144375,-0.0097442143727162,-0.048447244884547824,-0.13493953409038445,-0.04379468354056637,-0.08840676925482453,-0.05045106814634595,0.008081590911688806,-0.013840005633502662,0.025481520365515927,-0.0006897811342099986,0.0007607349537475834,0.00036534556860751567,0.02244447898698406,0.0016666666666666,0.0353682351871796,0.04858208648042593,-0.11494699277463319,-0.17120972108211865,-0.2032751664068961,-0.19856596694565357,-0.24508413921066188,-0.18249555498250264,-0.021174627858384927,-0.014926037411285106,0.005682775941663342
2021-11,-0.0153441473038141,0.033210332103321,-0.1385609240683067,-0.18099475943566892,-0.0681315097657536,-0.15588855309681215,-0.06753854761382645,0.024495301700629166,0.002899198920421713,-0.034698698025224683,-0.014924665346872427,0.008375271752428085,0.004295617000212692,-0.01815939531518887,0.0016666666666666,0.00769183595687473,-0.01677838133397972,-0.20027359174060644,-0.2088957381836,-0.19359879862947796,-0.07617618149874253,-0.04976396379545208,-0.11993036495137198,-0.042346575594346465,-0.016843874840609275,-0.006804589518140287
2021-11,-0.0153441473038141,0.033210332103321,-0.1385609240683067,-0.18099475943566892,-0.0681315097657536,-0.15588855309681215,-0.06753854761382645,0.024495301700629166,0.002899198920421713,-0.034698698025224683,-0.014924665346872427,0.008375271752428085,0.004295617000212692,-0.01815939531518887,0.0016666666666666,0.00769183595687473,-0.01677838133397972,-0.20027359174060644,-0.2088957381836,-0.19359879862947796,-0.07617618149874253,-0.04976396379545208,-0.11993036495137198,-0.042346575594346465,-0.016843874840609275,-0.006804589518140287
2021-12,0.0215939447907391,0.0150297619047619,0.2174647259190218,0.1269156852295756,0.08404069472878854,0.15686236301379916,0.1568766292900299,0.07796346183295118,0.05104366971518586,0.06819894909659222,0.06732178103911175,0.014313724897342615,0.0064318967785575555,0.03432410675240602,0.0016666666666666,0.072697718246695,0.07064261572791777,0.2995738985964766,0.29740601035041375,0.3970553540423383,0.2587073539552385,0.38975410761344276,0.485091221127457,0.059916978468644744,0.027776942104747883,0.027950770865442325
2021-12,0.0215939447907391,0.0150297619047619,0.2174647259190218,0.1269156852295756,0.08404069472878854,0.15686236301379916,0.1568766292900299,0.07796346183295118,0.05104366971518586,0.06819894909659222,0.06732178103911175,0.014313724897342615,0.0064318967785575555,0.03432410675240602,0.0016666666666666,0.072697718246695,0.07064261572791777,0.2995738985964766,0.29740601035041375,0.3970553540423383,0.2587073539552385,0.38975410761344276,0.485091221127457,0.059916978468644744,0.027776942104747883,0.027950770865442325
2022-01,-0.0825887993026803,-0.1123002492303181,0.17590023242651168,0.22874060253631812,0.08807528928748058,0.17374975025325662,0.11541092557324537,0.05357042094013337,0.06086933620216407,0.11253127644226378,0.03946131982840813,0.005456400826787107,0.0049020075824688335,0.04191386273608764,0.0016666666666666,-0.03640861747047406,-0.03589723951070343,-0.06295216732498161,-0.1195615981005806,-0.06276687408508178,-0.04539308140907169,0.10827772878971113,-0.07070878251797921,0.029139563657866546,-0.006223764529558572,-0.0006371154301667253
2022-01,-0.0825887993026803,-0.1123002492303181,0.17590023242651168,0.22874060253631812,0.08807528928748058,0.17374975025325662,0.11541092557324537,0.05357042094013337,0.06086933620216407,0.11253127644226378,0.03946131982840813,0.005456400826787107,0.0049020075824688335,0.04191386273608764,0.0016666666666666,-0.03640861747047406,-0.03589723951070343,-0.06295216732498161,-0.1195615981005806,-0.06276687408508178,-0.04539308140907169,0.10827772878971113,-0.07070878251797921,0.029139563657866546,-0.006223764529558572,-0.0006371154301667253
2022-02,0.0040380047505939,0.0452518579686209,0.05888044775778521,0.010312427229202649,0.01909458146519686,0.07950835293905513,0.034214085708398324,0.012805400204233874,-0.0063563800029469075,0.006213100720532904,-0.03596593985149322,0.006712466002905208,0.004855904001022694,0.06508374060170169,0.0016666666666666,-0.006119918447959019,-0.028241196425387423,0.07859004770498153,0.07216019515671485,0.04769193441495827,0.09084498576954278,0.07528804549524358,0.06174597910387125,-0.009302723897954682,0.0008247906871823936,-0.0013444535674298316
2022-02,0.0040380047505939,0.0452518579686209,0.05888044775778521,0.010312427229202649,0.01909458146519686,0.07950835293905513,0.034214085708398324,0.012805400204233874,-0.0063563800029469075,0.006213100720532904,-0.03596593985149322,0.006712466002905208,0.004855904001022694,0.06508374060170169,0.0016666666666666,-0.006119918447959019,-0.028241196425387423,0.07859004770498153,0.07216019515671485,0.04769193441495827,0.09084498576954278,0.07528804549524358,0.06174597910387125,-0.009302723897954682,0.0008247906871823936,-0.0013444535674298316
2022-03,-0.0835107641353205,-0.0805814504661083,-0.03901941275274384,-0.005650961006808215,0.004727488863182656,0.04832325548676521,-0.027760575054200685,0.031175841539638982,0.0011432908105008356,0.06144428055081257,0.03244706506927745,-0.0035690531602693655,-0.002134251804722754,-0.013214329109803444,0.0016666666666666,-0.03446314384886106,-0.05186380981119584,-0.010574523345162762,-0.23175901948265487,-0.013468756289818383,-0.26579420383746377,-0.2616945505753242,-0.23724481889803123,0.01724835479650598,0.008688945792917537,0.0115427263007063
2022-03,-0.0835107641353205,-0.0805814504661083,-0.03901941275274384,-0.005650961006808215,0.004727488863182656,0.04832325548676521,-0.027760575054200685,0.031175841539638982,0.0011432908105008356,0.06144428055081257,0.03244706506927745,-0.0035690531602693655,-0.002134251804722754,-0.013214329109803444,0.0016666666666666,-0.03446314384886106,-0.05186380981119584,-0.010574523345162762,-0.23175901948265487,-0.013468756289818383,-0.26579420383746377,-0.2616945505753242,-0.23724481889803123,0.01724835479650598,0.008688945792917537,0.0115427263007063
2022-04,-0.0524006195147135,-0.1146245059288537,0.07665238924614157,-0.0006418660301034788,0.031084903417026397,0.05864255735928946,0.04462955349547547,-0.029504549724024033,-0.023502265160288565,-0.03068000807245671,-0.0002239333692605986,-0.007801223857711077,-0.0014834538251645504,0.003186162648828727,0.0016666666666666,-0.017768325217626765,-0.05771879236113198,0.062119259348799444,0.02788190923084431,0.017430831102622647,0.0843129538402099,0.024030680965993815,-0.002047810863846979,-0.02974912691272036,0.010180844077252893,-0.005861494385969291
2022-04,-0.0524006195147135,-0.1146245059288537,0.07665238924614157,-0.0006418660301034788,0.031084903417026397,0.05864255735928946,0.04462955349547547,-0.029504549724024033,-0.023502265160288565,-0.03068000807245671,-0.0002239333692605986,-0.007801223857711077,-0.0014834538251645504,0.003186162648828727,0.0016666666666666,-0.017768325217626765,-0.05771879236113198,0.062119259348799444,0.02788190923084431,0.017430831102622647,0.0843129538402099,0.024030680965993815,-0.002047810863846979,-0.02974912691272036,0.010180844077252893,-0.005861494385969291
2022-05,0.0201579950967039,0.0780279503105589,-0.0671479648193987,-0.1239739419766488,0.009081368715602639,-0.07588668960590843,-0.04459147575010046,-0.001794834290434688,-0.05373833059596654,-0.030176168669220522,-0.025400800604819782,-0.0010837314599473858,-0.004229516543167127,-0.034587151769744556,0.0016666666666666,-0.00829657949079013,0.0338143259333585,0.57034963082121,0.6473221376755937,0.7178123523932992,0.549441519641364,0.48425451598657465,0.6281130762595496,0.030434842293475366,-0.015969141107283504,0.003738994863433828
2022-05,0.0201579950967039,0.0780279503105589,-0.0671479648193987,-0.1239739419766488,0.009081368715602639,-0.07588668960590843,-0.04459147575010046,-0.001794834290434688,-0.05373833059596654,-0.030176168669220522,-0.025400800604819782,-0.0010837314599473858,-0.004229516543167127,-0.034587151769744556,0.0016666666666666,-0.00829657949079013,0.0338143259333585,0.57034963082121,0.6473221376755937,0.7178123523932992,0.549441519641364,0.48425451598657465,0.6281130762595496,0.030434842293475366,-0.015969141107283504,0.003738994863433828
2022-06,0.1118825100133509,0.0848037450486136,0.07915273011002508,0.13660979832338707,0.0550712495493741,0.056650621951764804,0.06778890447700267,0.025023079021485255,0.006383125695975046,0.06281241855470066,0.026199150256880695,-0.0023447229021886116,0.0017951168256979413,0.016551336826566697,0.0016666666666666,-0.006390818292019276,0.04373329498415079,0.09930724470664344,0.13098100935812476,0.16900178527856236,0.13935060948947847,0.22806623131760764,0.3095385973502681,-0.0179107355575392,0.021260200490977703,-0.004005030331945171
2022-06,0.1118825100133509,0.0848037450486136,0.07915273011002508,0.13660979832338707,0.0550712495493741,0.056650621951764804,0.06778890447700267,0.025023079021485255,0.006383125695975046,0.06281241855470066,0.026199150256880695,-0.0023447229021886116,0.0017951168256979413,0.016551336826566697,0.0016666666666666,-0.006390818292019276,0.04373329498415079,0.09930724470664344,0.13098100935812476,0.16900178527856236,0.13935060948947847,0.22806623131760764,0.3095385973502681,-0.0179107355575392,0.021260200490977703,-0.004005030331945171
2022-07,-0.0691642651296829,-0.0220746887966805,-0.06195424045043727,-0.058535065177071556,-0.012458323865878187,-0.07000721650819655,-0.024140799740541022,-0.05947283720356001,-0.05669064824567049,-0.10666215974979888,-0.06658120086900893,-0.0015737816984598462,-0.002409429062081904,-0.009732014253768016,0.0016666666666666,0.02120813608930515,0.04247833862963517,-0.008329332908382054,-0.025935297418657126,0.014548036010881187,-0.039935640066562035,0.018739719098546992,-0.104600587076349,0.008894487145178962,0.012122404181158182,0.017217292177563175
2022-07,-0.0691642651296829,-0.0220746887966805,-0.06195424045043727,-0.058535065177071556,-0.012458323865878187,-0.07000721650819655,-0.024140799740541022,-0.05947283720356001,-0.05669064824567049,-0.10666215974979888,-0.06658120086900893,-0.0015737816984598462,-0.002409429062081904,-0.009732014253768016,0.0016666666666666,0.02120813608930515,0.04247833862963517,-0.008329332908382054,-0.025935297418657126,0.014548036010881187,-0.039935640066562035,0.018739719098546992,-0.104600587076349,0.008894487145178962,0.012122404181158182,0.017217292177563175
2022-08,-0.0203818369453043,-0.0210454854039375,-0.10724103097640901,-0.07007790531807383,-0.060690976041886245,-0.07081143162848187,-0.03029163467411025,-0.023659765222421116,-0.01931905741146417,-0.09590060035618934,-0.04038429159412133,-0.002619805192033071,0.00020979207197633102,-0.023345417539144785,0.0016666666666666,-0.007704716621337921,-0.016880818223597494,-0.4660162406634898,-0.5017243779687611,-0.4972019935300709,-0.5452724057652386,-0.5058424238429784,-0.6539546822308077,-0.016717003749243592,0.0002915656938028543,0.0038724330288474984
2022-08,-0.0203818369453043,-0.0210454854039375,-0.10724103097640901,-0.07007790531807383,-0.060690976041886245,-0.07081143162848187,-0.03029163467411025,-0.023659765222421116,-0.01931905741146417,-0.09590060035618934,-0.04038429159412133,-0.002619805192033071,0.00020979207197633102,-0.023345417539144785,0.0016666666666666,-0.007704716621337921,-0.016880818223597494,-0.4660162406634898,-0.5017243779687611,-0.4972019935300709,-0.5452724057652386,-0.5058424238429784,-0.6539546822308077,-0.016717003749243592,0.0002915656938028543,0.0038724330288474984
2022-09,-0.071898867526995,-0.0769764216366157,0.0544254930942685,-0.0037483067869372687,0.06109206744025574,0.06850594945406328,0.06306932794944006,0.015721732078294068,0.012230036606655267,0.06338499683052336,-0.0203677123346176,-0.0032550196614889986,-0.0010959306545911792,0.0019641764815710727,0.0016666666666666,-0.09969157673002825,-0.021373449529342108,0.01983183129496108,0.018555151726058677,0.05134107966778599,-0.027071932950054757,0.05556924865444661,0.0930913005146799,0.0328919982869378,-0.04269003093707065,0.015329943076030469
2022-09,-0.071898867526995,-0.0769764216366157,0.0544254930942685,-0.0037483067869372687,0.06109206744025574,0.06850594945406328,0.06306932794944006,0.015721732078294068,0.012230036606655267,0.06338499683052336,-0.0203677123346176,-0.0032550196614889986,-0.0010959306545911792,0.0019641764815710727,0.0016666666666666,-0.09969157673002825,-0.021373449529342108,0.01983183129496108,0.018555151726058677,0.05134107966778599,-0.027071932950054757,0.05556924865444661,0.0930913005146799,0.0328919982869378,-0.04269003093707065,0.015329943076030469
2022-10,-0.0859818388195232,0.0189706987227649,0.005092466543874751,-0.1086819259050513,-0.02678903504712874,0.01688708896132539,-0.02730612788766238,0.12405573643014246,0.19240768737128297,0.18158814358090172,0.12702390567066751,0.01608110542371188,0.009994268674386537,0.008057084591693124,0.0016666666666666,-0.02691837420333444,-0.09581629411252668,-0.14922571298265405,-0.07995175675234861,0.03738303575865142,-0.0842248421683782,-0.011275475732178056,-0.11736702143604781,-0.0041490278873422114,0.0698285855636357,0.019557768548129198
2022-10,-0.0859818388195232,0.0189706987227649,0.005092466543874751,-0.1086819259050513,-0.02678903504712874,0.01688708896132539,-0.02730612788766238,0.12405573643014246,0.19240768737128297,0.18158814358090172,0.12702390567066751,0.01608110542371188,0.009994268674386537,0.008057084591693124,0.0016666666666666,-0.02691837420333444,-0.09581629411252668,-0.14922571298265405,-0.07995175675234861,0.03738303575865142,-0.0842248421683782,-0.011275475732178056,-0.11736702143604781,-0.0041490278873422114,0.0698285855636357,0.019557768548129198
2022-11,0.107420055883266,0.0632258064516129,0.028057053220986373,0.01913300647366795,0.01920665431973957,0.10419655655680418,0.0008821233689285,-0.009467689033609,0.038934768907122566,-0.0626732666497515,-0.049969283209472436,-0.007539699777530129,-0.0012542971265364303,-0.045418547893277546,0.0016666666666666,0.011540518700595283,0.10111972348887736,-0.15758851853950573,-0.06747917987460673,-0.0716255024986977,-0.03629606539697527,-0.23463974361785112,-0.1654737127383039,0.07295701479390422,0.005222293542933855,0.02867236692965417
2022-11,0.107420055883266,0.0632258064516129,0.028057053220986373,0.01913300647366795,0.01920665431973957,0.10419655655680418,0.0008821233689285,-0.009467689033609,0.038934768907122566,-0.0626732666497515,-0.049969283209472436,-0.007539699777530129,-0.0012542971265364303,-0.045418547893277546,0.0016666666666666,0.011540518700595283,0.10111972348887736,-0.15758851853950573,-0.06747917987460673,-0.0716255024986977,-0.03629606539697527,-0.23463974361785112,-0.1654737127383039,0.07295701479390422,0.005222293542933855,0.02867236692965417
2022-12,0.0075693860386878,-0.0468099861303744,-0.02485527923861454,0.0467485065304589,0.04340185277810748,0.02715238491125075,0.023135053199986287,-0.03784807843935457,-0.07534643839276285,-0.11948453180422325,-0.056646925758789386,0.0014320405752002664,0.0013633369447624475,-0.007901955528728603,0.0016666666666666,-0.008164136315619455,-0.01693165826511294,-0.10670853748025962,0.0539425565245724,0.011657122296434898,-0.01370168084511895,0.03788634479682857,-0.20202281541066086,-0.03812252642388041,-0.028058113746232398,-0.004136063365356182
2022-12,0.0075693860386878,-0.0468099861303744,-0.02485527923861454,0.0467485065304589,0.04340185277810748,0.02715238491125075,0.023135053199986287,-0.03784807843935457,-0.07534643839276285,-0.11948453180422325,-0.056646925758789386,0.0014320405752002664,0.0013633369447624475,-0.007901955528728603,0.0016666666666666,-0.008164136315619455,-0.01693165826511294,-0.10670853748025962,0.0539425565245724,0.011657122296434898,-0.01370168084511895,0.03788634479682857,-0.20202281541066086,-0.03812252642388041,-0.028058113746232398,-0.004136063365356182
2023-01,0.0792988313856428,0.0756638777737357,0.07452572506983268,-0.0657465289546864,0.01657127804408806,0.018859718647436387,0.021502317320282148,-0.021488397663473026,0.060995100944374034,0.05524969225613658,0.039649734565088156,0.0008971276800609136,0.002992812829603401,-0.03197493278397391,0.0016666666666666,-0.055517914701837104,0.023288764022833135,0.06255084161559683,0.14574416969661505,0.25563005190711285,0.2599720824794569,0.24559087712895628,0.32135078189995825,-0.03856832907106977,0.018945840432991537,0.00965419027941469
2023-01,0.0792988313856428,0.0756638777737357,0.07452572506983268,-0.0657465289546864,0.01657127804408806,0.018859718647436387,0.021502317320282148,-0.021488397663473026,0.060995100944374034,0.05524969225613658,0.039649734565088156,0.0008971276800609136,0.002992812829603401,-0.03197493278397391,0.0016666666666666,-0.055517914701837104,0.023288764022833135,0.06255084161559683,0.14574416969661505,0.25563005190711285,0.2599720824794569,0.24559087712895628,0.32135078189995825,-0.03856832907106977,0.018945840432991537,0.00965419027941469
2023-02,-0.022686259345192,0.0116672303009808,0.12861533450041399,7.107171633176888e-05,0.012175512325797753,0.0032750589899587035,0.02944961889081523,0.050637787249413216,-0.02808103179627152,0.06560353768391822,-0.015695312823637314,-0.005873804019281665,0.0010613241321931204,-0.024726439745580607,0.0016666666666666,-0.15140744889710253,-0.09924157007782827,-0.5297189104041855,-0.2058807032649269,-0.34527805273434514,-0.3459193067181226,-0.2840049740527946,-0.19288741403318255,0.07884246029758465,-0.017205489933732145,-0.0036624880171670145
2023-02,-0.022686259345192,0.0116672303009808,0.12861533450041399,7.107171633176888e-05,0.012175512325797753,0.0032750589899587035,0.02944961889081523,0.050637787249413216,-0.02808103179627152,0.06560353768391822,-0.015695312823637314,-0.005873804019281665,0.0010613241321931204,-0.024726439745580607,0.0016666666666666,-0.15140744889710253,-0.09924157007782827,-0.5297189104041855,-0.2058807032649269,-0.34527805273434514,-0.3459193067181226,-0.2840049740527946,-0.19288741403318255,0.07884246029758465,-0.017205489933732145,-0.0036624880171670145
2023-03,-0.0055394355051436,-0.0021728229984957,-0.004344129422249612,-0.0967747950705486,-0.027679769562345545,-0.05744444391792495,0.0027395668828803276,0.013622862591987209,0.04231750567232483,-0.02666380229176487,0.02702133595550992,-0.006216925706168773,-0.0007861184126459974,-0.011745576755271783,0.0016666666666666,-0.03540810577312422,-0.015205875201868115,-0.0630069407862824,-0.09343373878485288,-0.009061307776731288,0.01681294030860673,-0.0648549378793643,-0.11874820651258088,0.008996296412908836,0.027548876811459136,0.011149412677897817
2023-03,-0.0055394355051436,-0.0021728229984957,-0.004344129422249612,-0.0967747950705486,-0.027679769562345545,-0.05744444391792495,0.0027395668828803276,0.013622862591987209,0.04231750567232483,-0.02666380229176487,0.02702133595550992,-0.006216925706168773,-0.0007861184126459974,-0.011745576755271783,0.0016666666666666,-0.03540810577312422,-0.015205875201868115,-0.0630069407862824,-0.09343373878485288,-0.009061307776731288,0.01681294030860673,-0.0648549378793643,-0.11874820651258088,0.008996296412908836,0.027548876811459136,0.011149412677897817
2023-04,-0.0066312997347479,-0.0137353433835846,0.05490834859470347,0.11887482595433302,-0.0006215385934419723,0.10536414678732373,0.020939296989890603,-0.05665500872531707,-0.08268709968684279,-0.15419507223850118,-0.1019021714044481,0.01014442224391169,0.0027570215028286074,0.030446956708174693,0.0016666666666666,0.03993772466948387,-0.006886702902543677,0.051494010338870855,0.08669343050006617,-0.08493420002005,0.03356732487048229,-0.053920204217662714,-0.03476830514744336,0.037661266805227335,-0.001344526273507219,0.03591363852289645
2023-04,-0.0066312997347479,-0.0137353433835846,0.05490834859470347,0.11887482595433302,-0.0006215385934419723,0.10536414678732373,0.020939296989890603,-0.05665500872531707,-0.08268709968684279,-0.15419507223850118,-0.1019021714044481,0.01014442224391169,0.0027570215028286074,0.030446956708174693,0.0016666666666666,0.03993772466948387,-0.006886702902543677,0.051494010338870855,0.08669343050006617,-0.08493420002005,0.03356732487048229,-0.053920204217662714,-0.03476830514744336,0.037661266805227335,-0.001344526273507219,0.03591363852289645
2023-05,-0.0595460614152203,-0.0314198369565216,-0.13326345063663173,-0.11863078414962216,-0.03481026453181925,-0.10477695333392324,-0.038830727175379845,-0.0578629700800874,-0.1587339407931792,-0.11311807952394393,-0.04616651973519746,-0.0021012074460176992,0.0032764900522601077,-0.006774085455580989,0.0016666666666666,-0.05093322809362571,-0.06128404854868755,-0.22400387943655375,-0.3589423069699318,-0.390168079585428,-0.2858308811726024,-0.2623929023791224,-0.27656609560626083,-0.03609934088052755,0.006469095990865236,0.00038034994571003664
2023-05,-0.0595460614152203,-0.0314198369565216,-0.13326345063663173,-0.11863078414962216,-0.03481026453181925,-0.10477695333392324,-0.038830727175379845,-0.0578629700800874,-0.1587339407931792,-0.11311807952394393,-0.04616651973519746,-0.0021012074460176992,0.0032764900522601077,-0.006774085455580989,0.0016666666666666,-0.05093322809362571,-0.06128404854868755,-0.22400387943655375,-0.3589423069699318,-0.390168079585428,-0.2858308811726024,-0.2623929023791224,-0.27656609560626083,-0.03609934088052755,0.006469095990865236,0.00038034994571003664
2023-06,0.0227143668370244,0.0005260389268806,0.150031390329713,0.15735941925775718,0.09190955422957517,0.13160752405677764,0.09870005542102309,0.0893940365074565,0.11149892582208144,0.10956106988037306,0.11543874591261447,-0.0009103473314756218,-0.0008451552031952434,0.001863856836534272,0.0016666666666666,0.0038639488398700787,-0.0035886991534181175,0.3200820731571949,0.3578073688462668,0.30208558297069305,0.30365830957392725,0.15531150945126146,0.3963075737548089,0.037251432747418746,0.032712442513203835,0.023978528491103275
2023-06,0.0227143668370244,0.0005260389268806,0.150031390329713,0.15735941925775718,0.09190955422957517,0.13160752405677764,0.09870005542102309,0.0893940365074565,0.11149892582208144,0.10956106988037306,0.11543874591261447,-0.0009103473314756218,-0.0008451552031952434,0.001863856836534272,0.0016666666666666,0.0038639488398700787,-0.0035886991534181175,0.3200820731571949,0.3578073688462668,0.30208558297069305,0.30365830957392725,0.15531150945126146,0.3963075737548089,0.037251432747418746,0.032712442513203835,0.023978528491103275
2023-07,0.0560799555802331,0.0177006659656502,-0.048518860927474074,-0.022358132060821892,0.0036581418619156467,-0.05356397587476236,-0.029405804616635972,0.03526099067851902,0.07556092217063856,0.03125722172740015,0.042765157175951675,-0.0013689010996867168,-2.925461393513953e-05,-0.043642708853056725,0.0016666666666666,-0.03070417032025656,-0.03279184567608547,0.3483992811274675,0.38460881012057124,0.3868848826742931,0.4067407637435115,0.42543561571705574,0.44398163592142814,-0.0005796914430446472,0.007242034258664063,0.00787700168656153
2023-07,0.0560799555802331,0.0177006659656502,-0.048518860927474074,-0.022358132060821892,0.0036581418619156467,-0.05356397587476236,-0.029405804616635972,0.03526099067851902,0.07556092217063856,0.03125722172740015,0.042765157175951675,-0.0013689010996867168,-2.925461393513953e-05,-0.043642708853056725,0.0016666666666666,-0.03070417032025656,-0.03279184567608547,0.3483992811274675,0.38460881012057124,0.3868848826742931,0.4067407637435115,0.42543561571705574,0.44398163592142814,-0.0005796914430446472,0.007242034258664063,0.00787700168656153
2023-08,-0.0644058885383805,-0.0602720854141554,0.1584815995485357,0.19556916563495788,0.09795202173919225,0.12393735287949643,0.10919953119765295,-0.026824142210418164,-0.01746208328573585,-0.041900471791605325,-0.02352977059078665,0.009799951610131138,0.0032739846056118365,0.023706508619139668,0.0016666666666666,0.0727098346117104,0.008181963327682498,-0.10653210719650182,-0.23313599386079556,-0.3569363595227676,-0.2531447973713738,-0.21033163789919723,-0.30917569370599285,-0.010414343247637601,0.006979150852158698,0.01457508180171652
2023-08,-0.0644058885383805,-0.0602720854141554,0.1584815995485357,0.19556916563495788,0.09795202173919225,0.12393735287949643,0.10919953119765295,-0.026824142210418164,-0.01746208328573585,-0.041900471791605325,-0.02352977059078665,0.009799951610131138,0.0032739846056118365,0.023706508619139668,0.0016666666666666,0.0727098346117104,0.008181963327682498,-0.10653210719650182,-0.23313599386079556,-0.3569363595227676,-0.2531447973713738,-0.21033163789919723,-0.30917569370599285,-0.010414343247637601,0.006979150852158698,0.01457508180171652
2023-09,-0.0210733352065187,-0.0098955470038483,0.004420017533475495,0.0193390771544341,0.010646536142502147,0.011499176702187345,-0.041960555750621194,-0.056971566506006495,-0.031180791184691452,-0.09535625329288899,-0.026002520749622695,0.0010706420792959749,0.0030280467762811777,-0.00865425282731769,0.0016666666666666,-0.0051376968273514605,0.01872090816889966,-0.10097220888919248,0.07621129904414853,-0.050335536982472895,0.030891282560766082,0.025617287618881372,-0.08109562184710557,-0.0034830478963044685,0.0017420511636504978,-0.0009339385312723734
2023-09,-0.0210733352065187,-0.0098955470038483,0.004420017533475495,0.0193390771544341,0.010646536142502147,0.011499176702187345,-0.041960555750621194,-0.056971566506006495,-0.031180791184691452,-0.09535625329288899,-0.026002520749622695,0.0010706420792959749,0.0030280467762811777,-0.00865425282731769,0.0016666666666666,-0.0051376968273514605,0.01872090816889966,-0.10097220888919248,0.07621129904414853,-0.050335536982472895,0.030891282560766082,0.025617287618881372,-0.08109562184710557,-0.0034830478963044685,0.0017420511636504978,-0.0009339385312723734
2023-10,-0.0344431687715269,-0.030538589672404,-0.018485446325951626,-0.025514420329302248,-0.0221071104431472,-0.022484400417159364,0.0016362397251218712,-0.058616345133792026,-0.07037126509432813,-0.09324037818888382,-0.007548830149553004,0.0004115864053592607,0.0003167625799479993,0.014056573160791909,0.0016666666666666,-0.03282636878156805,-0.048144196075161266,-0.24288400298887192,-0.17165222556553061,-0.2693458343974613,-0.2840916798076161,-0.34476221321214,-0.2719047483180703,0.018392573617132917,-0.02936912836467216,-0.0045230205688196155
2023-10,-0.0344431687715269,-0.030538589672404,-0.018485446325951626,-0.025514420329302248,-0.0221071104431472,-0.022484400417159364,0.0016362397251218712,-0.058616345133792026,-0.07037126509432813,-0.09324037818888382,-0.007548830149553004,0.0004115864053592607,0.0003167625799479993,0.014056573160791909,0.0016666666666666,-0.03282636878156805,-0.048144196075161266,-0.24288400298887192,-0.17165222556553061,-0.2693458343974613,-0.2840916798076161,-0.34476221321214,-0.2719047483180703,0.018392573617132917,-0.02936912836467216,-0.0045230205688196155
2023-11,-0.0243757431629012,0.0019091256204657,0.036037465127957045,0.10467123515370233,0.05094706270679058,0.07427800229006017,0.07629256214298696,0.02830760401929413,0.0806375914777893,0.06518735238516508,0.040686666143620646,0.0010438385175320706,-0.00043776553449982386,0.06099805191078234,0.0016666666666666,0.009463104088673515,0.020107775638903244,0.4554830890227908,0.3883195693722735,0.38630082680571154,0.3987206029508433,0.40088984053813315,0.3983997571499266,0.03047993555599496,-0.004475371661412,-0.006069812358914477
2023-11,-0.0243757431629012,0.0019091256204657,0.036037465127957045,0.10467123515370233,0.05094706270679058,0.07427800229006017,0.07629256214298696,0.02830760401929413,0.0806375914777893,0.06518735238516508,0.040686666143620646,0.0010438385175320706,-0.00043776553449982386,0.06099805191078234,0.0016666666666666,0.009463104088673515,0.020107775638903244,0.4554830890227908,0.3883195693722735,0.38630082680571154,0.3987206029508433,0.40088984053813315,0.3983997571499266,0.03047993555599496,-0.004475371661412,-0.006069812358914477
2023-12,-0.0191956124314442,-0.022484756097561,-0.026360466780741967,-0.018253694689002578,-0.0013910090574658935,0.005507778349347764,-0.01391438234441697,0.09177452429127021,0.13772500075665486,0.08718341745611131,0.05837577443718014,0.010416457191318864,0.006184732991347343,-0.0073088972895935505,0.0016666666666666,0.03949412728691531,0.040359388011121794,0.12905741639129745,0.19681015274377262,0.1966876454227761,0.014268412733220031,0.27934694838696733,0.2814920013273538,0.007010413018740343,0.020790153463202517,-0.0023928207697642063
2023-12,-0.0191956124314442,-0.022484756097561,-0.026360466780741967,-0.018253694689002578,-0.0013910090574658935,0.005507778349347764,-0.01391438234441697,0.09177452429127021,0.13772500075665486,0.08718341745611131,0.05837577443718014,0.010416457191318864,0.006184732991347343,-0.0073088972895935505,0.0016666666666666,0.03949412728691531,0.040359388011121794,0.12905741639129745,0.19681015274377262,0.1966876454227761,0.014268412733220031,0.27934694838696733,0.2814920013273538,0.007010413018740343,0.020790153463202517,-0.0023928207697642063
2024-01,-0.0646163404784093,-0.1434697855750486,0.14402626096689827,0.17246332755291172,0.09633127283455747,0.16030613414640701,0.08086918661169255,0.08915394644838003,0.10845109479918107,0.09147009966565714,0.04562808579150469,0.0037859335705764754,-0.00032523561970248345,0.025934680509063345,0.0016666666666666,-0.008371935476194196,0.0016938560296021544,0.3862558096844934,0.3653981675818755,0.3802914984687949,0.2711660559697403,0.3855776084505171,0.32990719671961566,0.0028182510628122345,-0.01711983596290041,0.0113313554483048
2024-01,-0.0646163404784093,-0.1434697855750486,0.14402626096689827,0.17246332755291172,0.09633127283455747,0.16030613414640701,0.08086918661169255,0.08915394644838003,0.10845109479918107,0.09147009966565714,0.04562808579150469,0.0037859335705764754,-0.00032523561970248345,0.025934680509063345,0.0016666666666666,-0.008371935476194196,0.0016938560296021544,0.3862558096844934,0.3653981675818755,0.3802914984687949,0.2711660559697403,0.3855776084505171,0.32990719671961566,0.0028182510628122345,-0.01711983596290041,0.0113313554483048
2024-02,0.0933244769179673,0.1474738279472005,-0.10576986312888434,-0.14642854534201125,-0.04404899664143672,-0.08969438061014519,-0.06426056226562406,0.017071116848278264,0.031382640534356514,-0.00592266779123402,0.013726066442088194,0.00877649040704886,0.006102910339872333,0.001239452309412561,0.0016666666666666,0.014187141951163008,-0.0051570177949353275,0.11408442466626144,0.10039946857122024,0.15562124685236292,0.04680685929478086,0.08075581224558133,0.1886439879250063,-0.022568598485305753,-0.020214148780838985,-0.0013694403282241857
2024-02,0.0933244769179673,0.1474738279472005,-0.10576986312888434,-0.14642854534201125,-0.04404899664143672,-0.08969438061014519,-0.06426056226562406,0.017071116848278264,0.031382640534356514,-0.00592266779123402,0.013726066442088194,0.00877649040704886,0.006102910339872333,0.001239452309412561,0.0016666666666666,0.014187141951163008,-0.0051570177949353275,0.11408442466626144,0.10039946857122024,0.15562124685236292,0.04680685929478086,0.08075581224558133,0.1886439879250063,-0.022568598485305753,-0.020214148780838985,-0.0013694403282241857
2024-03,0.0069866342648845,-0.0119000396667988,-0.03897858673825292,0.036054147641137256,0.029864806321221953,0.012706950688966934,0.025678762025906764,0.03474318761487903,0.03478755827853171,0.02203719047180204,0.04379977531670218,0.0004063812520684151,0.002427250938800626,0.0005405404668170433,0.0016666666666666,0.007552092318007798,0.06573038580566155,-0.1541014939319958,-0.24052501046302907,-0.337089149270279,-0.1630833538068257,-0.261430098046353,-0.27730073016780327,0.06530419187867145,0.021237008346770246,0.017612922272185246
2024-03,0.0069866342648845,-0.0119000396667988,-0.03897858673825292,0.036054147641137256,0.029864806321221953,0.012706950688966934,0.025678762025906764,0.03474318761487903,0.03478755827853171,0.02203719047180204,0.04379977531670218,0.0004063812520684151,0.002427250938800626,0.0005405404668170433,0.0016666666666666,0.007552092318007798,0.06573038580566155,-0.1541014939319958,-0.24052501046302907,-0.337089149270279,-0.1630833538068257,-0.261430098046353,-0.27730073016780327,0.06530419187867145,0.021237008346770246,0.017612922272185246
2024-04,0.0217194570135745,0.0317141710156563,0.021520581176798254,0.03420053875097435,0.008058805635803875,0.028462722223345137,0.032166074056452144,-0.022564464808322672,-0.023506844699473565,-0.020398632227095547,-0.040353849827455206,0.0013060198733227627,0.0015313230152881933,0.019621119247801362,0.0016666666666666,-0.020860906047147944,0.007855532847472386,0.08012323943030597,0.12637551863241558,0.10457797609093189,0.15924175090197576,0.04952532627572147,0.103489827296698,-0.005554674847882379,0.002853535633359598,-0.00682170225139825
2024-04,0.0217194570135745,0.0317141710156563,0.021520581176798254,0.03420053875097435,0.008058805635803875,0.028462722223345137,0.032166074056452144,-0.022564464808322672,-0.023506844699473565,-0.020398632227095547,-0.040353849827455206,0.0013060198733227627,0.0015313230152881933,0.019621119247801362,0.0016666666666666,-0.020860906047147944,0.007855532847472386,0.08012323943030597,0.12637551863241558,0.10457797609093189,0.15924175090197576,0.04952532627572147,0.103489827296698,-0.005554674847882379,0.002853535633359598,-0.00682170225139825
2024-05,-0.0047239444936522,-0.0208171206225679,-0.0057223145279150355,-0.04712412665687769,-0.008212245251246659,-0.06496404262417786,-0.03991818467842922,-0.04431869461522942,-0.05795411332069439,-0.10578334284611651,-0.04256917053786359,0.00229303577063635,0.0018932765078272186,-0.03104261757821302,0.0016666666666666,0.03170345497572811,0.0012417155623372714,0.1239158722056448,0.1014550465060335,0.016847626100522674,0.08914164445470245,0.16668801605338285,0.044850015329708455,-0.008413262043202197,0.025709239983003396,0.0029049193238179366
2024-05,-0.0047239444936522,-0.0208171206225679,-0.0057223145279150355,-0.04712412665687769,-0.008212245251246659,-0.06496404262417786,-0.03991818467842922,-0.04431869461522942,-0.05795411332069439,-0.10578334284611651,-0.04256917053786359,0.00229303577063635,0.0018932765078272186,-0.03104261757821302,0.0016666666666666,0.03170345497572811,0.0012417155623372714,0.1239158722056448,0.1014550465060335,0.016847626100522674,0.08914164445470245,0.16668801605338285,0.044850015329708455,-0.008413262043202197,0.025709239983003396,0.0029049193238179366
2024-06,-0.0281815485019282,-0.0673554540035764,0.10490073916114892,0.18849007146418398,0.08791390288122848,0.1134839389478546,0.09006162912741707,0.06552449120300578,0.04280926013136369,0.044779580661210176,0.0581163592729926,0.0061888756751100945,0.0007186633403866716,0.011586978402322432,0.0016666666666666,-0.007745934110938428,-0.04692176307950262,0.18954849688547082,0.22885894397618226,0.2500669359412867,0.27411764633066116,0.18637711186118605,0.032258244754544134,0.047250104434071565,0.044558208748625885,0.025895049958716266
2024-06,-0.0281815485019282,-0.0673554540035764,0.10490073916114892,0.18849007146418398,0.08791390288122848,0.1134839389478546,0.09006162912741707,0.06552449120300578,0.04280926013136369,0.044779580661210176,0.0581163592729926,0.0061888756751100945,0.0007186633403866716,0.011586978402322432,0.0016666666666666,-0.007745934110938428,-0.04692176307950262,0.18954849688547082,0.22885894397618226,0.2500669359412867,0.27411764633066116,0.18637711186118605,0.032258244754544134,0.047250104434071565,0.044558208748625885,0.025895049958716266
2024-07,0.0064102564102566,-0.0044737963357477,-0.0999865272163112,-0.1215434292080898,-0.09107101239833312,-0.10297071540253697,-0.0787901623756921,-0.04509943552226374,-0.06951743253223165,-0.07264075135611645,-0.02629702297294562,-0.0012304734034790446,-0.0004079159693472791,-0.029731170729763293,0.0016666666666666,-0.048174220378636404,-0.11138426033711277,-0.08807616549916839,-0.15964260776075356,-0.18935820131729647,-0.15497640621139833,-0.21868356113745013,-0.33358703375361304,-0.04082720991719984,-0.05153153833712718,-0.006783348500508804
2024-07,0.0064102564102566,-0.0044737963357477,-0.0999865272163112,-0.1215434292080898,-0.09107101239833312,-0.10297071540253697,-0.0787901623756921,-0.04509943552226374,-0.06951743253223165,-0.07264075135611645,-0.02629702297294562,-0.0012304734034790446,-0.0004079159693472791,-0.029731170729763293,0.0016666666666666,-0.048174220378636404,-0.11138426033711277,-0.08807616549916839,-0.15964260776075356,-0.18935820131729647,-0.15497640621139833,-0.21868356113745013,-0.33358703375361304,-0.04082720991719984,-0.05153153833712718,-0.006783348500508804
2024-08,-0.035183500151653,-0.0562807618232398,0.019619830200062745,-0.04349438531446616,-0.0363373262514587,0.006354799993390021,-0.04813946160276124,-0.013252517911614858,-0.02514973602258219,0.008920114418301437,-0.0585674822583416,0.00852933694283575,0.006525203794509398,-0.01917086696429203,0.0016666666666666,-0.02139676029748345,0.02723482222883339,-0.18471336096365024,0.16940950534782306,-0.11402234896973998,-0.04589449255893981,-0.01563496419578216,-0.03467198034079537,0.13257897571357682,0.05162627691453599,0.03023237549900251
2024-08,-0.035183500151653,-0.0562807618232398,0.019619830200062745,-0.04349438531446616,-0.0363373262514587,0.006354799993390021,-0.04813946160276124,-0.013252517911614858,-0.02514973602258219,0.008920114418301437,-0.0585674822583416,0.00852933694283575,0.006525203794509398,-0.01917086696429203,0.0016666666666666,-0.02139676029748345,0.02723482222883339,-0.18471336096365024,0.16940950534782306,-0.11402234896973998,-0.04589449255893981,-0.01563496419578216,-0.03467198034079537,0.13257897571357682,0.05162627691453599,0.03023237549900251
2024-09,0.2643822697265012,0.2909297052154194,0.1133773146112649,0.1513375144577522,0.038192550685465634,0.10488915799904902,0.08998963401538276,0.045402377932823375,0.0394035156898685,0.06477859865308389,0.023598089773985604,0.003489549539856943,0.003843363442639126,0.020036969102410204,0.0016666666666666,0.035779590527213946,0.06950964848927729,0.05346645400902008,0.011077689310579198,0.07867356621589242,0.07492707260674074,0.1073615516461195,0.054900371350856736,0.01103696141492688,0.0017236688571089591,0.009260550541412952
2024-09,0.2643822697265012,0.2909297052154194,0.1133773146112649,0.1513375144577522,0.038192550685465634,0.10488915799904902,0.08998963401538276,0.045402377932823375,0.0394035156898685,0.06477859865308389,0.023598089773985604,0.003489549539856943,0.003843363442639126,0.020036969102410204,0.0016666666666666,0.035779590527213946,0.06950964848927729,0.05346645400902008,0.011077689310579198,0.07867356621589242,0.07492707260674074,0.1073615516461195,0.054900371350856736,0.01103696141492688,0.0017236688571089591,0.009260550541412952
2024-10,-0.0651417205370463,0.0008782715615669,0.017951036805913312,-0.0016653885327210802,0.0037724430084323597,-0.006876804988782039,0.010758062928926606,-0.02438148584520934,-0.05236142547767156,-0.04353114493873734,-0.030164760571348048,-0.005809194428664994,-0.00275326030694614,-0.02596453246298578,0.0016666666666666,0.025506778040647653,-0.015016015685975768,-0.18849774578049527,-0.23506630872040596,-0.25573783009679957,-0.23785581768148437,-0.21766345732619719,-0.4152193341351777,0.00480865725379305,0.031701721152527916,-0.010720266481089733
2024-10,-0.0651417205370463,0.0008782715615669,0.017951036805913312,-0.0016653885327210802,0.0037724430084323597,-0.006876804988782039,0.010758062928926606,-0.02438148584520934,-0.05236142547767156,-0.04353114493873734,-0.030164760571348048,-0.005809194428664994,-0.00275326030694614,-0.02596453246298578,0.0016666666666666,0.025506778040647653,-0.015016015685975768,-0.18849774578049527,-0.23506630872040596,-0.25573783009679957,-0.23785581768148437,-0.21766345732619719,-0.4152193341351777,0.00480865725379305,0.031701721152527916,-0.010720266481089733
2024-11,0.0079787234042554,-0.0098280098280097,0.047569290107540595,0.017784278590051078,0.019122438759687888,0.02291218506641335,-0.017572864516557152,-0.03733305685728989,-0.06705461449335329,-0.030990536087017413,-0.049610436468909815,0.007065403985352207,0.0025544127183898782,-0.004076283386897578,0.0016666666666666,-0.05324554552724104,-0.060005305447673976,0.11246795563394665,0.044437277484531024,0.07986536867214306,0.18301017904438613,0.07712868467046914,0.12082220409130733,0.006216180526648697,-0.06833884581862662,-0.021191468851142824
2024-11,0.0079787234042554,-0.0098280098280097,0.047569290107540595,0.017784278590051078,0.019122438759687888,0.02291218506641335,-0.017572864516557152,-0.03733305685728989,-0.06705461449335329,-0.030990536087017413,-0.049610436468909815,0.007065403985352207,0.0025544127183898782,-0.004076283386897578,0.0016666666666666,-0.05324554552724104,-0.060005305447673976,0.11246795563394665,0.044437277484531024,0.07986536867214306,0.18301017904438613,0.07712868467046914,0.12082220409130733,0.006216180526648697,-0.06833884581862662,-0.021191468851142824
2024-12,0.0055408970976253,-0.0235732009925557,0.02404199324752148,0.03523707059186029,0.004687006579963379,0.019131686318715035,0.008752328205817795,0.02421685373334306,-0.008998917592609918,-0.010626362358700937,0.018193248420330564,0.0012329726930054158,0.0005523324547001369,-0.005582697706585336,0.0016666666666666,-0.012312621647209749,-0.035142478069606534,-0.0003529196540340445,0.046320534987584525,0.04762661712453179,-0.005795830006274898,-0.037136831904964016,0.0076365334490685055,0.015090312187396107,0.016739856959819305,0.007621720595576987
2024-12,0.0055408970976253,-0.0235732009925557,0.02404199324752148,0.03523707059186029,0.004687006579963379,0.019131686318715035,0.008752328205817795,0.02421685373334306,-0.008998917592609918,-0.010626362358700937,0.018193248420330564,0.0012329726930054158,0.0005523324547001369,-0.005582697706585336,0.0016666666666666,-0.012312621647209749,-0.035142478069606534,-0.0003529196540340445,0.046320534987584525,0.04762661712453179,-0.005795830006274898,-0.037136831904964016,0.0076365334490685055,0.015090312187396107,0.016739856959819305,0.007621720595576987
2025-01,-0.0301758068748358,-0.0245053548738429,0.12087153901193985,0.12869189660136016,0.06441019956043861,0.08353086581650668,0.07029533174327855,-0.00032205350300580377,-0.026136240420804344,-0.013237977258303366,-0.0011553297492507284,0.00790545985820021,0.005661703479900484,0.017055846986771744,0.0016666666666666,0.04170442028847456,0.10615705428154243,0.06297644426474813,-0.06304909416995719,-0.010013376575867306,0.019534182128319155,-0.022546091483288247,-0.0717797462857199,0.04929383960892344,0.02663056541243478,0.025237434918562757
2025-01,-0.0301758068748358,-0.0245053548738429,0.12087153901193985,0.12869189660136016,0.06441019956043861,0.08353086581650668,0.07029533174327855,-0.00032205350300580377,-0.026136240420804344,-0.013237977258303366,-0.0011553297492507284,0.00790545985820021,0.005661703479900484,0.017055846986771744,0.0016666666666666,0.04170442028847456,0.10615705428154243,0.06297644426474813,-0.06304909416995719,-0.010013376575867306,0.019534182128319155,-0.022546091483288247,-0.0717797462857199,0.04929383960892344,0.02663056541243478,0.025237434918562757
2025-02,0.0235389610389609,0.0524748790472646,-0.05167348037844894,-0.04807661771109081,-0.05759871839439385,-0.06908417353615327,-0.04009806505957868,-0.019782617113176706,-0.08034899296747548,-0.028173493131542104,-0.038205422810289456,-0.003524091669863863,0.002494248617016952,-0.004549977077379905,0.0016666666666666,-0.019914987878325296,-0.011825176794169796,-0.029939255380757687,0.0029575092160503496,0.06517302632350633,-0.13553707890575464,-0.05297031562926138,-0.002297479529750797,-0.0016411252668448104,0.024322630591493363,0.0057641189943068594
2025-02,0.0235389610389609,0.0524748790472646,-0.05167348037844894,-0.04807661771109081,-0.05759871839439385,-0.06908417353615327,-0.04009806505957868,-0.019782617113176706,-0.08034899296747548,-0.028173493131542104,-0.038205422810289456,-0.003524091669863863,0.002494248617016952,-0.004549977077379905,0.0016666666666666,-0.019914987878325296,-0.011825176794169796,-0.029939255380757687,0.0029575092160503496,0.06517302632350633,-0.13553707890575464,-0.05297031562926138,-0.002297479529750797,-0.0016411252668448104,0.024322630591493363,0.0057641189943068594
2025-03,-0.0026434047052603,-0.0022984441301272,-0.06012260376591542,0.0006801039545989353,0.026273530328360807,-0.011868159125880698,-0.01767305222796362,0.041616901803068485,-0.0021441896722365654,0.029909502268747196,0.04124968735287517,-0.0028183504016062386,0.0014801655919125737,0.014934304228943127,0.0016666666666666,0.05008354127010968,0.0025553869741633014,-0.054018074971580475,-0.04542034461475287,-0.09202420345893944,-0.06390000799285547,0.16528579156740594,0.0640774934519651,0.07333467880280348,0.028944331108028343,0.015334158707566447
2025-03,-0.0026434047052603,-0.0022984441301272,-0.06012260376591542,0.0006801039545989353,0.026273530328360807,-0.011868159125880698,-0.01767305222796362,0.041616901803068485,-0.0021441896722365654,0.029909502268747196,0.04124968735287517,-0.0028183504016062386,0.0014801655919125737,0.014934304228943127,0.0016666666666666,0.05008354127010968,0.0025553869741633014,-0.054018074971580475,-0.04542034461475287,-0.09202420345893944,-0.06390000799285547,0.16528579156740594,0.0640774934519651,0.07333467880280348,0.028944331108028343,0.015334158707566447
2025-04,-0.0312748476013783,-0.0404040404040403,0.022984717368402473,-0.03830510480297486,0.0184414011287241,0.023481659610891457,0.057528517872235015,0.0412181958224382,0.0036237259389930877,-0.009059766111560712,-0.009142851033554451,0.0001690542990794219,0.0014751730383485838,0.007485315978126438,0.0016666666666666,0.047684414716528796,0.023545042799159345,-0.05828438313530808,-0.11116637512520547,-0.13903925002274276,-0.05027137130679533,-0.06797969706533111,-0.183855845340891,0.012998902298865328,0.04391491957161515,0.009446009205018787
2025-04,-0.0312748476013783,-0.0404040404040403,0.022984717368402473,-0.03830510480297486,0.0184414011287241,0.023481659610891457,0.057528517872235015,0.0412181958224382,0.0036237259389930877,-0.009059766111560712,-0.009142851033554451,0.0001690542990794219,0.0014751730383485838,0.007485315978126438,0.0016666666666666,0.047684414716528796,0.023545042799159345,-0.05828438313530808,-0.11116637512520547,-0.13903925002274276,-0.05027137130679533,-0.06797969706533111,-0.183855845340891,0.012998902298865328,0.04391491957161515,0.009446009205018787
2025-05,0.0254445964432286,0.0125577100646352,0.31783516587450095,0.3818158866562819,0.12406984320441602,0.2590987063881802,0.18038280271259025,0.11306837159527551,0.14223279957558047,0.21058239072012974,0.08542298118759177,0.01301470644432663,0.005671880178804858,0.08494874936170549,0.0016666666666666,0.05510226803775051,0.04901535206694152,0.3023420742721478,0.38149089983169227,0.42879387153224846,0.3829486373989365,0.19621652015221114,0.5221427104259114,0.013496795987319076,-0.037848859922256464,0.026535626574649727
2025-05,0.0254445964432286,0.0125577100646352,0.31783516587450095,0.3818158866562819,0.12406984320441602,0.2590987063881802,0.18038280271259025,0.11306837159527551,0.14223279957558047,0.21058239072012974,0.08542298118759177,0.01301470644432663,0.005671880178804858,0.08494874936170549,0.0016666666666666,0.05510226803775051,0.04901535206694152,0.3023420742721478,0.38149089983169227,0.42879387153224846,0.3829486373989365,0.19621652015221114,0.5221427104259114,0.013496795987319076,-0.037848859922256464,0.026535626574649727
2025-06,0.0296157950907149,0.049060733175269,0.0822226351209796,0.12250321974271712,0.06613031754385455,0.04028570207185229,0.06034769046642496,-0.07025549337307206,-0.0812075808678341,-0.07846668367361911,-0.05158106710521756,-0.005193917917526632,-0.003416041229337019,-0.029770282124344655,0.0016666666666666,-0.0035828722445863364,-0.07592335428120958,-0.05242201810639593,-0.07848146969892271,-0.01361533468070268,0.06520249059514947,-0.11399298546497655,-0.11907984311031028,-0.026641690974740475,-0.0011813522915623677,0.000426666217679411
2025-06,0.0296157950907149,0.049060733175269,0.0822226351209796,0.12250321974271712,0.06613031754385455,0.04028570207185229,0.06034769046642496,-0.07025549337307206,-0.0812075808678341,-0.07846668367361911,-0.05158106710521756,-0.005193917917526632,-0.003416041229337019,-0.029770282124344655,0.0016666666666666,-0.0035828722445863364,-0.07592335428120958,-0.05242201810639593,-0.07848146969892271,-0.01361533468070268,0.06520249059514947,-0.11399298546497655,-0.11907984311031028,-0.026641690974740475,-0.0011813522915623677,0.000426666217679411
2025-07,0.0448302669085254,0.058066759388039,0.16302640999885748,0.2679578267833019,0.10744176040836463,0.05977399374651949,0.14832218671301117,-0.026040375195406966,-0.019838946258815545,-0.04887784832442901,-0.05133077447044192,0.014494819962305356,0.005912069600680911,0.04560203682548905,0.0016666666666666,0.05776149393985749,0.02597454998424844,0.010280663408460084,-0.12067462733137607,-0.14335345932149826,-0.1928029457456641,-0.1863724422417289,-0.04102492750347829,0.0891785968827471,0.07731585109745039,0.02062905046520144
2025-07,0.0448302669085254,0.058066759388039,0.16302640999885748,0.2679578267833019,0.10744176040836463,0.05977399374651949,0.14832218671301117,-0.026040375195406966,-0.019838946258815545,-0.04887784832442901,-0.05133077447044192,0.014494819962305356,0.005912069600680911,0.04560203682548905,0.0016666666666666,0.05776149393985749,0.02597454998424844,0.010280663408460084,-0.12067462733137607,-0.14335345932149826,-0.1928029457456641,-0.1863724422417289,-0.04102492750347829,0.0891785968827471,0.07731585109745039,0.02062905046520144
2025-08,0.1106150793650793,0.1386789352612552,0.14462117066033164,0.18452542220942292,0.09640466873820193,0.1539979832161252,0.1284585867541761,0.07004670604140735,0.08525340795150532,0.059429212037787296,0.0533868636039416,-0.002609391456976964,-0.0011322485558446392,0.019114068757086967,0.0016666666666666,-0.014662186198863303,0.022275580530067104,0.14207843428824085,0.05917071971398878,0.11959274299291206,0.18368213784189658,0.17132225414990196,0.0965106428741062,0.009622043878783206,0.05872227399384964,0.023718506199661912
2025-08,0.1106150793650793,0.1386789352612552,0.14462117066033164,0.18452542220942292,0.09640466873820193,0.1539979832161252,0.1284585867541761,0.07004670604140735,0.08525340795150532,0.059429212037787296,0.0533868636039416,-0.002609391456976964,-0.0011322485558446392,0.019114068757086967,0.0016666666666666,-0.014662186198863303,0.022275580530067104,0.14207843428824085,0.05917071971398878,0.11959274299291206,0.18368213784189658,0.17132225414990196,0.0965106428741062,0.009622043878783206,0.05872227399384964,0.023718506199661912
2025-09,0.0312639571237161,0.0545454545454546,0.07519270996834398,-0.0021273424645417253,0.013490498400910274,0.019027943090978203,0.029301489587807934,-0.031779471138096774,0.01694837952931297,-0.07949680129390388,-0.005933322165465428,0.00494454902180298,0.0018229091127538047,0.010735123833831276,0.0016666666666666,0.002259624713835895,0.06019353504400464,-0.07901365664758664,-0.20540741815166183,0.025456634218151232,-0.01732759903850771,-0.012740263371002692,-0.1145631465843793,0.012299562116737554,0.02951431935502336,0.021569040246513526
2025-09,0.0312639571237161,0.0545454545454546,0.07519270996834398,-0.0021273424645417253,0.013490498400910274,0.019027943090978203,0.029301489587807934,-0.031779471138096774,0.01694837952931297,-0.07949680129390388,-0.005933322165465428,0.00494454902180298,0.0018229091127538047,0.010735123833831276,0.0016666666666666,0.002259624713835895,0.06019353504400464,-0.07901365664758664,-0.20540741815166183,0.025456634218151232,-0.01732759903850771,-0.012740263371002692,-0.1145631465843793,0.012299562116737554,0.02951431935502336,0.021569040246513526
2025-10,0.0032481593763533,-0.0113574165298303,0.07642676081113615,0.02518143915118616,0.00827868743005325,0.03060980462124889,0.05789427141292674,0.06608483122938119,0.08741333505222086,-0.0002832878804144897,0.018949497466554867,-0.001768940601342868,0.0012614040859273675,-0.0001925980332624106,0.0016666666666666,0.02836864317757666,0.05133995495070656,-0.010705362105030904,-0.10556401678591947,0.0659380592616299,0.04737127107351113,-0.0025271513921526125,0.08752816041818783,0.012009051441789475,0.021323309917849073,0.010460494967462286
2025-10,0.0032481593763533,-0.0113574165298303,0.07642676081113615,0.02518143915118616,0.00827868743005325,0.03060980462124889,0.05789427141292674,0.06608483122938119,0.08741333505222086,-0.0002832878804144897,0.018949497466554867,-0.001768940601342868,0.0012614040859273675,-0.0001925980332624106,0.0016666666666666,0.02836864317757666,0.05133995495070656,-0.010705362105030904,-0.10556401678591947,0.0659380592616299,0.04737127107351113,-0.0025271513921526125,0.08752816041818783,0.012009051441789475,0.021323309917849073,0.010460494967462286
2025-11,-0.0261169868335852,-0.0416608996539791,-0.07392684964266351,-0.16135910784998414,-0.019930935962199872,-0.08192423614717309,-0.08286985890371529,-0.057343530449339174,0.014178852174584075,-0.004783671744982599,0.01995207466496225,-0.0038819278083977986,0.00016520281731931914,-0.008750035428690947,0.0016666666666666,-0.05594921598639212,-0.05592900964636504,-0.06338713755738021,-0.06596836592265011,-0.15402764866337287,0.002714569451042464,-0.1726230077087982,-0.17115237674821382,-0.02114454409564452,-0.05915515774648184,-0.009136233048777188
2025-11,-0.0261169868335852,-0.0416608996539791,-0.07392684964266351,-0.16135910784998414,-0.019930935962199872,-0.08192423614717309,-0.08286985890371529,-0.057343530449339174,0.014178852174584075,-0.004783671744982599,0.01995207466496225,-0.0038819278083977986,0.00016520281731931914,-0.008750035428690947,0.0016666666666666,-0.05594921598639212,-0.05592900964636504,-0.06338713755738021,-0.06596836592265011,-0.15402764866337287,0.002714569451042464,-0.1726230077087982,-0.17115237674821382,-0.02114454409564452,-0.05915515774648184,-0.009136233048777188
2025-12,0.0261524822695036,0.065424610051993,-0.24035567255814716,-0.20546494680076738,-0.10602156672879459,-0.22238297046340696,-0.1379195853422338,-0.08433660811594627,-0.03799986060604426,-0.08661270699354721,-0.04930607865671637,0.006311217342988879,0.003837800740001453,-0.020758792225531546,0.0016666666666666,-0.008209792958752675,0.015469168437566455,-0.5292439054952669,-0.5530874659891806,-0.5730218762472999,-0.5242448528325954,-0.7444745215116674,-0.6076569756617898,-0.06959998478937927,-0.05333649663347283,-0.015145652973543762
2025-12,0.0261524822695036,0.065424610051993,-0.24035567255814716,-0.20546494680076738,-0.10602156672879459,-0.22238297046340696,-0.1379195853422338,-0.08433660811594627,-0.03799986060604426,-0.08661270699354721,-0.04930607865671637,0.006311217342988879,0.003837800740001453,-0.020758792225531546,0.0016666666666666,-0.008209792958752675,0.015469168437566455,-0.5292439054952669,-0.5530874659891806,-0.5730218762472999,-0.5242448528325954,-0.7444745215116674,-0.6076569756617898,-0.06959998478937927,-0.05333649663347283,-0.015145652973543762
2026-01,0.0174946004319656,0.1238986037684697,0.07031842947642639,0.0976811402455791,0.017400420808947686,0.026688100120599037,-0.014568049721306264,-0.032596064600198704,-0.07536963346699548,-0.05180721114396537,0.034314810939229466,-0.004353668780976,0.00033602347096919243,-0.03623242820613683,0.0016666666666666,0.043003260291011654,0.11819392396776608,0.08465652490384136,0.07435598147664689,0.2571295303109761,0.05109201999374198,0.21737839101286285,0.14281324099266163,0.024624732915853396,-0.033706301455029876,0.009989575515032958
2026-01,0.0174946004319656,0.1238986037684697,0.07031842947642639,0.0976811402455791,0.017400420808947686,0.026688100120599037,-0.014568049721306264,-0.032596064600198704,-0.07536963346699548,-0.05180721114396537,0.034314810939229466,-0.004353668780976,0.00033602347096919243,-0.03623242820613683,0.0016666666666666,0.043003260291011654,0.11819392396776608,0.08465652490384136,0.07435598147664689,0.2571295303109761,0.05109201999374198,0.21737839101286285,0.14281324099266163,0.024624732915853396,-0.033706301455029876,0.009989575515032958
2026-02,0.00297176820208,0.0358219756362319,0.007748757141998816,0.0001937927734130076,0.025202147334348612,-0.00366253947954557,0.0007663021186984538,-0.036715420548244275,-0.028520359435327044,-0.021802001170527604,-0.020446692864872933,0.0039385160527608916,0.004317740929204938,0.003981458323483155,0.0016666666666666,-0.015549956696645705,0.003005241909266221,-0.08884137238113393,-0.04234657493431117,-0.052778301093315085,-0.03116940935693458,-0.1744143728640071,0.04798655596279383,-0.027777295223240323,-0.018705666370716956,-0.00016942450080715014
2026-02,0.00297176820208,0.0358219756362319,0.007748757141998816,0.0001937927734130076,0.025202147334348612,-0.00366253947954557,0.0007663021186984538,-0.036715420548244275,-0.028520359435327044,-0.021802001170527604,-0.020446692864872933,0.0039385160527608916,0.004317740929204938,0.003981458323483155,0.0016666666666666,-0.015549956696645705,0.003005241909266221,-0.08884137238113393,-0.04234657493431117,-0.052778301093315085,-0.03116940935693458,-0.1744143728640071,0.04798655596279383,-0.027777295223240323,-0.018705666370716956,-0.00016942450080715014
2026-03,-0.0554497354497354,-0.1227293898462971,0.019580132971187464,0.042682377336426346,0.06910673977773199,0.09992559575325824,0.041590510561007904,-0.024413396856048406,0.05235203014437027,-0.019526134847870042,-0.01764472582184288,0.0015063907665952643,0.001981945193848177,0.026401395569568612,0.0016666666666666,0.04250561902626126,0.0022507129848735753,0.07665716514233466,-0.027248827920229327,-0.06319410117462008,-0.008845370594263843,-0.03730882479790454,-0.01677805482041878,0.01880995759066577,0.027838196208453344,0.00830578435202413
2026-03,-0.0554497354497354,-0.1227293898462971,0.019580132971187464,0.042682377336426346,0.06910673977773199,0.09992559575325824,0.041590510561007904,-0.024413396856048406,0.05235203014437027,-0.019526134847870042,-0.01764472582184288,0.0015063907665952643,0.001981945193848177,0.026401395569568612,0.0016666666666666,0.04250561902626126,0.0022507129848735753,0.07665716514233466,-0.027248827920229327,-0.06319410117462008,-0.008845370594263843,-0.03730882479790454,-0.01677805482041878,0.01880995759066577,0.027838196208453344,0.00830578435202413
2026-04,0.0808872955411157,0.0991505176533051,-0.046486109713209066,-0.007678953026448011,-0.01865716954465199,-0.043416546488655186,-0.009255489299818852,0.03872166990820035,0.06916440516239404,0.06575895574632251,0.026326594101578595,0.00853545950889428,0.004949786844496605,0.02819540400952063,0.0016666666666666,0.009553645276049433,-0.03357712778123091,-0.16366956022987267,-0.060093863128545644,-0.12519456228964654,-0.14350576547272367,-0.10948641481269994,-0.16245017462177108,-0.011298177639545222,-0.01287285402782936,-0.006520651297821103
2026-04,0.0808872955411157,0.0991505176533051,-0.046486109713209066,-0.007678953026448011,-0.01865716954465199,-0.043416546488655186,-0.009255489299818852,0.03872166990820035,0.06916440516239404,0.06575895574632251,0.026326594101578595,0.00853545950889428,0.004949786844496605,0.02819540400952063,0.0016666666666666,0.009553645276049433,-0.03357712778123091,-0.16366956022987267,-0.060093863128545644,-0.12519456228964654,-0.14350576547272367,-0.10948641481269994,-0.16245017462177108,-0.011298177639545222,-0.01287285402782936,-0.006520651297821103
2026-05,0.0205223880597016,0.0015698587127157,0.002858022047226285,-0.08705910384246587,-0.013670758784054318,-0.016385218181911576,-0.0350905138558415,0.12524389634857605,0.10164051314713377,0.1327981919310733,0.0729870739481934,0.003392864441095688,-0.00014107167618567472,-0.02744549160608766,0.0016666666666666,0.11312899381646245,0.03309661778328712,0.2022234078818433,0.2131485464156722,0.38760071511239513,0.15088787445844687,0.08245160325199191,0.17129477979467944,0.06430861940408439,0.0006559940770161613,0.029242702233147937
2026-05,0.0205223880597016,0.0015698587127157,0.002858022047226285,-0.08705910384246587,-0.013670758784054318,-0.016385218181911576,-0.0350905138558415,0.12524389634857605,0.10164051314713377,0.1327981919310733,0.0729870739481934,0.003392864441095688,-0.00014107167618567472,-0.02744549160608766,0.0016666666666666,0.11312899381646245,0.03309661778328712,0.2022234078818433,0.2131485464156722,0.38760071511239513,0.15088787445844687,0.08245160325199191,0.17129477979467944,0.06430861940408439,0.0006559940770161613,0.029242702233147937
2026-06,0.0195003046922608,0.0905473836508319,-0.008019936573334163,-0.01500373567371654,0.006468664206866719,-0.005414003796783851,-0.016022574175421744,-0.001708484814483143,-0.02976724982757147,0.010113719429287078,-0.003443332908979856,-0.004391729140606201,-0.004110034303546331,-0.03305697773358949,0.0016666666666666,0.03372248751617094,0.011436066857810534,0.17660109838237745,0.001558236992139987,0.06520903302146872,0.06297189182832265,-0.020907526697910718,0.06355350387227611,0.02863472198805408,0.01322120375461275,0.008462972877160448
2026-06,0.0195003046922608,0.0905473836508319,-0.008019936573334163,-0.01500373567371654,0.006468664206866719,-0.005414003796783851,-0.016022574175421744,-0.001708484814483143,-0.02976724982757147,0.010113719429287078,-0.003443332908979856,-0.004391729140606201,-0.004110034303546331,-0.03305697773358949,0.0016666666666666,0.03372248751617094,0.011436066857810534,0.17660109838237745,0.001558236992139987,0.06520903302146872,0.06297189182832265,-0.020907526697910718,0.06355350387227611,0.02863472198805408,0.01322120375461275,0.008462972877160448
2026-07,-0.0729228930065751,-0.1708126036484245,0.07533440463319817,0.12854878348224474,0.05485334660357024,0.048825941731282255,0.029799845045125676,0.06676767613462851,0.032883976389244875,-0.0005525442796596638,0.04650884652108851,0.009051624085434758,0.010327631783725278,0.042329657892608646,0.0016666666666666,0.03778692580282251,0.06991437302865536,0.1476088597923245,-0.06901334583450798,0.08876340059135915,0.041687856846479694,-0.061567510935325094,0.023529575813905412,0.004856161616701211,0.03841073993034431,-7.147219959333139e-05
2026-07,-0.0729228930065751,-0.1708126036484245,0.07533440463319817,0.12854878348224474,0.05485334660357024,0.048825941731282255,0.029799845045125676,0.06676767613462851,0.032883976389244875,-0.0005525442796596638,0.04650884652108851,0.009051624085434758,0.010327631783725278,0.042329657892608646,0.0016666666666666,0.03778692580282251,0.06991437302865536,0.1476088597923245,-0.06901334583450798,0.08876340059135915,0.041687856846479694,-0.061567510935325094,0.023529575813905412,0.004856161616701211,0.03841073993034431,-7.147219959333139e-05
2026-08,0.0027938964109177,0.0550666666666666,0.07533440463319817,0.12854878348224474,0.05485334660357024,0.048825941731282255,0.029799845045125676,0.06676767613462851,0.032883976389244875,-0.0005525442796596638,0.04650884652108851,0.009051624085434758,0.010327631783725278,0.042329657892608646,0.0016666666666666,0.03778692580282251,0.06991437302865536,0.1476088597923245,-0.06901334583450798,0.08876340059135915,0.041687856846479694,-0.061567510935325094,0.023529575813905412,0.004856161616701211,0.03841073993034431,-7.147219959333139e-05
